timestamp,harness_version,config_fingerprint,endpoint_name,provider,model,base_url,thinking_effort,max_tokens,release_version,adaptive_thinking,checker_timeout,prompt_style,problem_id,difficulty,problem_number,run_idx,request_status,stop_reason,input_tokens,output_tokens,ttft_s,gen_time_s,total_wall_s,tokens_per_s,passed,error_type,error_message
2026-07-03T07:32:01.253725+00:00,2,9865e6f08db1be95,openai-model-fast-v6-hard1-80-xhigh-v2,openai,gpt-5.5-koffing-castor-kosmo-0527-test-ev3,https://api.openai.com/v1,xhigh,32000,v6,True,6,OpenAIChat,abc387_f,hard,1,1,completed,completed,451,4214,19.639166,1.227026,20.938042,201.260,True,,
2026-07-03T07:32:26.549206+00:00,2,84c946c09e379fb1,anthropic-claude-fable-5-v6-hard1-80-xhigh-v2,anthropic,claude-fable-5,,xhigh,32000,v6,True,6,OpenAIChat,abc387_f,hard,1,1,completed,end_turn,596,3923,36.168522,8.241267,44.526494,88.105,True,,
2026-07-03T07:33:16.122580+00:00,2,84c946c09e379fb1,anthropic-claude-fable-5-v6-hard1-80-xhigh-v2,anthropic,claude-fable-5,,xhigh,32000,v6,True,6,OpenAIChat,abc387_f,hard,1,2,completed,end_turn,596,5154,48.189291,9.825563,58.017710,88.835,True,,
2026-07-03T07:34:18.031688+00:00,2,9865e6f08db1be95,openai-model-fast-v6-hard1-80-xhigh-v2,openai,gpt-5.5-koffing-castor-kosmo-0527-test-ev3,https://api.openai.com/v1,xhigh,32000,v6,True,6,OpenAIChat,abc387_f,hard,1,2,completed,completed,451,3791,16.716181,0.999616,17.920067,211.551,False,,
2026-07-03T07:34:39.059429+00:00,2,9865e6f08db1be95,openai-model-fast-v6-hard1-80-xhigh-v2,openai,gpt-5.5-koffing-castor-kosmo-0527-test-ev3,https://api.openai.com/v1,xhigh,32000,v6,True,6,OpenAIChat,abc387_f,hard,1,3,completed,completed,451,3862,17.991281,1.605516,19.731487,195.728,True,,
2026-07-03T07:35:02.982883+00:00,2,84c946c09e379fb1,anthropic-claude-fable-5-v6-hard1-80-xhigh-v2,anthropic,claude-fable-5,,xhigh,32000,v6,True,6,OpenAIChat,abc387_f,hard,1,3,completed,end_turn,596,3582,29.824556,12.165343,42.103472,85.076,True,,
2026-07-03T07:35:49.956229+00:00,2,84c946c09e379fb1,anthropic-claude-fable-5-v6-hard1-80-xhigh-v2,anthropic,claude-fable-5,,xhigh,32000,v6,True,6,OpenAIChat,abc388_g,hard,2,1,completed,end_turn,1305,4849,44.924912,11.775065,56.874987,85.257,True,,
2026-07-03T07:36:49.936612+00:00,2,9865e6f08db1be95,openai-model-fast-v6-hard1-80-xhigh-v2,openai,gpt-5.5-koffing-castor-kosmo-0527-test-ev3,https://api.openai.com/v1,xhigh,32000,v6,True,6,OpenAIChat,abc388_g,hard,2,1,completed,completed,1052,4258,19.299643,0.759080,20.232324,210.455,False,,
2026-07-03T07:37:13.246128+00:00,2,9865e6f08db1be95,openai-model-fast-v6-hard1-80-xhigh-v2,openai,gpt-5.5-koffing-castor-kosmo-0527-test-ev3,https://api.openai.com/v1,xhigh,32000,v6,True,6,OpenAIChat,abc388_g,hard,2,2,completed,completed,1052,3583,16.381847,0.710182,17.192062,208.410,True,,
2026-07-03T07:37:33.694107+00:00,2,84c946c09e379fb1,anthropic-claude-fable-5-v6-hard1-80-xhigh-v2,anthropic,claude-fable-5,,xhigh,32000,v6,True,6,OpenAIChat,abc388_g,hard,2,2,completed,end_turn,1305,4781,41.654183,10.651388,52.361822,91.307,True,,
2026-07-03T07:38:29.191233+00:00,2,84c946c09e379fb1,anthropic-claude-fable-5-v6-hard1-80-xhigh-v2,anthropic,claude-fable-5,,xhigh,32000,v6,True,6,OpenAIChat,abc388_g,hard,2,3,completed,end_turn,1305,4212,42.732573,8.486496,51.224228,82.227,True,,
2026-07-03T07:39:23.274798+00:00,2,9865e6f08db1be95,openai-model-fast-v6-hard1-80-xhigh-v2,openai,gpt-5.5-koffing-castor-kosmo-0527-test-ev3,https://api.openai.com/v1,xhigh,32000,v6,True,6,OpenAIChat,abc388_g,hard,2,3,completed,completed,1052,3629,15.986536,0.719958,16.818275,215.777,False,,
2026-07-03T07:39:42.497940+00:00,2,9865e6f08db1be95,openai-model-fast-v6-hard1-80-xhigh-v2,openai,gpt-5.5-koffing-castor-kosmo-0527-test-ev3,https://api.openai.com/v1,xhigh,32000,v6,True,6,OpenAIChat,abc388_f,hard,3,1,completed,completed,592,4647,22.363768,0.792276,23.267306,199.722,True,,
2026-07-03T07:40:08.231032+00:00,2,84c946c09e379fb1,anthropic-claude-fable-5-v6-hard1-80-xhigh-v2,anthropic,claude-fable-5,,xhigh,32000,v6,True,6,OpenAIChat,abc388_f,hard,3,1,completed,end_turn,769,18767,233.587872,13.921364,247.584350,75.800,True,,
2026-07-03T07:44:19.019537+00:00,2,84c946c09e379fb1,anthropic-claude-fable-5-v6-hard1-80-xhigh-v2,anthropic,claude-fable-5,,xhigh,32000,v6,True,6,OpenAIChat,abc388_f,hard,3,2,completed,end_turn,769,12495,142.153910,14.822090,157.050297,79.560,True,,
2026-07-03T07:46:58.947325+00:00,2,9865e6f08db1be95,openai-model-fast-v6-hard1-80-xhigh-v2,openai,gpt-5.5-koffing-castor-kosmo-0527-test-ev3,https://api.openai.com/v1,xhigh,32000,v6,True,6,OpenAIChat,abc388_f,hard,3,2,completed,completed,592,3078,15.268755,0.874338,17.733248,173.572,False,,
2026-07-03T07:47:19.903967+00:00,2,9865e6f08db1be95,openai-model-fast-v6-hard1-80-xhigh-v2,openai,gpt-5.5-koffing-castor-kosmo-0527-test-ev3,https://api.openai.com/v1,xhigh,32000,v6,True,6,OpenAIChat,abc388_f,hard,3,3,completed,completed,592,4705,22.640152,1.174105,23.935756,196.568,False,,
2026-07-03T07:47:46.957865+00:00,2,84c946c09e379fb1,anthropic-claude-fable-5-v6-hard1-80-xhigh-v2,anthropic,claude-fable-5,,xhigh,32000,v6,True,6,OpenAIChat,abc388_f,hard,3,3,completed,end_turn,769,16366,202.887990,12.881723,215.787150,75.843,True,,
2026-07-03T07:51:25.910732+00:00,2,84c946c09e379fb1,anthropic-claude-fable-5-v6-hard1-80-xhigh-v2,anthropic,claude-fable-5,,xhigh,32000,v6,True,6,OpenAIChat,abc388_e,hard,4,1,completed,end_turn,776,363,6.938202,1.551995,8.494681,42.733,True,,
2026-07-03T07:51:37.785323+00:00,2,9865e6f08db1be95,openai-model-fast-v6-hard1-80-xhigh-v2,openai,gpt-5.5-koffing-castor-kosmo-0527-test-ev3,https://api.openai.com/v1,xhigh,32000,v6,True,6,OpenAIChat,abc388_e,hard,4,1,completed,completed,582,408,3.061678,0.232032,3.419909,119.301,True,,
2026-07-03T07:51:44.224140+00:00,2,9865e6f08db1be95,openai-model-fast-v6-hard1-80-xhigh-v2,openai,gpt-5.5-koffing-castor-kosmo-0527-test-ev3,https://api.openai.com/v1,xhigh,32000,v6,True,6,OpenAIChat,abc388_e,hard,4,2,completed,completed,582,612,3.329415,0.110506,3.512223,174.249,True,,
2026-07-03T07:51:50.652142+00:00,2,84c946c09e379fb1,anthropic-claude-fable-5-v6-hard1-80-xhigh-v2,anthropic,claude-fable-5,,xhigh,32000,v6,True,6,OpenAIChat,abc388_e,hard,4,2,completed,end_turn,776,324,4.744056,1.849204,6.627295,48.889,True,,
2026-07-03T07:52:00.282890+00:00,2,84c946c09e379fb1,anthropic-claude-fable-5-v6-hard1-80-xhigh-v2,anthropic,claude-fable-5,,xhigh,32000,v6,True,6,OpenAIChat,abc388_e,hard,4,3,completed,end_turn,776,958,10.794469,3.730078,14.570069,65.751,True,,
2026-07-03T07:52:18.011380+00:00,2,9865e6f08db1be95,openai-model-fast-v6-hard1-80-xhigh-v2,openai,gpt-5.5-koffing-castor-kosmo-0527-test-ev3,https://api.openai.com/v1,xhigh,32000,v6,True,6,OpenAIChat,abc388_e,hard,4,3,completed,completed,582,549,2.806293,0.149372,3.042565,180.440,False,,
2026-07-03T07:52:24.515826+00:00,2,9865e6f08db1be95,openai-model-fast-v6-hard1-80-xhigh-v2,openai,gpt-5.5-koffing-castor-kosmo-0527-test-ev3,https://api.openai.com/v1,xhigh,32000,v6,True,6,OpenAIChat,abc389_g,hard,5,1,completed,completed,623,15942,74.713775,2.387483,77.511428,205.673,True,,
2026-07-03T07:53:46.177246+00:00,2,84c946c09e379fb1,anthropic-claude-fable-5-v6-hard1-80-xhigh-v2,anthropic,claude-fable-5,,xhigh,32000,v6,True,6,OpenAIChat,abc389_g,hard,5,1,completed,end_turn,818,30178,362.580441,14.363042,376.966765,80.055,True,,
2026-07-03T08:00:08.317752+00:00,2,84c946c09e379fb1,anthropic-claude-fable-5-v6-hard1-80-xhigh-v2,anthropic,claude-fable-5,,xhigh,32000,v6,True,6,OpenAIChat,abc389_g,hard,5,2,completed,end_turn,818,18503,205.107073,14.637103,219.767663,84.193,True,,
2026-07-03T08:03:51.755156+00:00,2,9865e6f08db1be95,openai-model-fast-v6-hard1-80-xhigh-v2,openai,gpt-5.5-koffing-castor-kosmo-0527-test-ev3,https://api.openai.com/v1,xhigh,32000,v6,True,6,OpenAIChat,abc389_g,hard,5,2,completed,completed,623,11148,47.850956,3.986831,51.931483,214.667,True,,
2026-07-03T08:04:48.899726+00:00,2,9865e6f08db1be95,openai-model-fast-v6-hard1-80-xhigh-v2,openai,gpt-5.5-koffing-castor-kosmo-0527-test-ev3,https://api.openai.com/v1,xhigh,32000,v6,True,6,OpenAIChat,abc389_g,hard,5,3,completed,completed,623,13599,59.534454,2.674290,62.465825,217.703,True,,
2026-07-03T08:05:56.794958+00:00,2,84c946c09e379fb1,anthropic-claude-fable-5-v6-hard1-80-xhigh-v2,anthropic,claude-fable-5,,xhigh,32000,v6,True,6,OpenAIChat,abc389_g,hard,5,3,error,,,,,,,,,RuntimeError,Anthropic endpoint returned no streamed output text
2026-07-03T08:12:34.719360+00:00,2,84c946c09e379fb1,anthropic-claude-fable-5-v6-hard1-80-xhigh-v2,anthropic,claude-fable-5,,xhigh,32000,v6,True,6,OpenAIChat,abc389_f,hard,6,1,completed,end_turn,1176,12700,151.510695,6.021679,158.190398,80.283,True,,
2026-07-03T08:15:17.996181+00:00,2,9865e6f08db1be95,openai-model-fast-v6-hard1-80-xhigh-v2,openai,gpt-5.5-koffing-castor-kosmo-0527-test-ev3,https://api.openai.com/v1,xhigh,32000,v6,True,6,OpenAIChat,abc389_f,hard,6,1,completed,completed,961,4702,24.227401,0.570882,24.887692,188.929,False,,
2026-07-03T08:15:45.841300+00:00,2,9865e6f08db1be95,openai-model-fast-v6-hard1-80-xhigh-v2,openai,gpt-5.5-koffing-castor-kosmo-0527-test-ev3,https://api.openai.com/v1,xhigh,32000,v6,True,6,OpenAIChat,abc389_f,hard,6,2,completed,completed,961,5064,24.840140,0.744350,25.620028,197.658,False,,
2026-07-03T08:16:14.327658+00:00,2,84c946c09e379fb1,anthropic-claude-fable-5-v6-hard1-80-xhigh-v2,anthropic,claude-fable-5,,xhigh,32000,v6,True,6,OpenAIChat,abc389_f,hard,6,2,completed,end_turn,1176,23672,161.902987,0.004668,161.913106,146.202,True,,
2026-07-03T17:14:36.355437+00:00,2,84c946c09e379fb1,anthropic-claude-fable-5-v6-hard1-80-xhigh-v2,anthropic,claude-fable-5,,xhigh,32000,v6,True,6,OpenAIChat,abc389_g,hard,5,3,completed,end_turn,818,20161,237.493037,10.908536,248.473328,81.139,True,,
2026-07-03T17:18:49.226864+00:00,2,84c946c09e379fb1,anthropic-claude-fable-5-v6-hard1-80-xhigh-v2,anthropic,claude-fable-5,,xhigh,32000,v6,True,6,OpenAIChat,abc389_f,hard,6,3,completed,end_turn,1176,7412,79.165271,9.392583,88.562406,83.692,True,,
2026-07-03T17:20:22.675424+00:00,2,9865e6f08db1be95,openai-model-fast-v6-hard1-80-xhigh-v2,openai,gpt-5.5-koffing-castor-kosmo-0527-test-ev3,https://api.openai.com/v1,xhigh,32000,v6,True,6,OpenAIChat,abc389_f,hard,6,3,completed,completed,961,9472,46.828680,0.901799,47.838266,198.000,False,,
2026-07-03T17:21:14.385210+00:00,2,9865e6f08db1be95,openai-model-fast-v6-hard1-80-xhigh-v2,openai,gpt-5.5-koffing-castor-kosmo-0527-test-ev3,https://api.openai.com/v1,xhigh,32000,v6,True,6,OpenAIChat,abc389_e,hard,7,1,completed,completed,432,2780,12.053206,0.417695,12.661336,219.566,True,,
2026-07-03T17:21:30.385350+00:00,2,84c946c09e379fb1,anthropic-claude-fable-5-v6-hard1-80-xhigh-v2,anthropic,claude-fable-5,,xhigh,32000,v6,True,6,OpenAIChat,abc389_e,hard,7,1,completed,end_turn,571,7465,82.640919,5.710938,88.374120,84.470,True,,
2026-07-03T17:23:02.361604+00:00,2,84c946c09e379fb1,anthropic-claude-fable-5-v6-hard1-80-xhigh-v2,anthropic,claude-fable-5,,xhigh,32000,v6,True,6,OpenAIChat,abc389_e,hard,7,2,completed,end_turn,571,11674,124.995319,10.432568,135.642730,86.064,True,,
2026-07-03T17:25:21.229232+00:00,2,9865e6f08db1be95,openai-model-fast-v6-hard1-80-xhigh-v2,openai,gpt-5.5-koffing-castor-kosmo-0527-test-ev3,https://api.openai.com/v1,xhigh,32000,v6,True,6,OpenAIChat,abc389_e,hard,7,2,completed,completed,432,2984,13.118550,0.409287,13.675657,218.198,True,,
2026-07-03T17:30:23.050975+00:00,2,9865e6f08db1be95,openai-model-fast-v6-hard1-80-xhigh-v2,openai,gpt-5.5-koffing-castor-kosmo-0527-test-ev3,https://api.openai.com/v1,xhigh,32000,v6,True,6,OpenAIChat,abc389_e,hard,7,3,completed,completed,432,1876,8.165698,0.393661,8.641425,217.094,True,,
2026-07-03T17:30:35.364425+00:00,2,84c946c09e379fb1,anthropic-claude-fable-5-v6-hard1-80-xhigh-v2,anthropic,claude-fable-5,,xhigh,32000,v6,True,6,OpenAIChat,abc389_e,hard,7,3,completed,end_turn,571,11490,120.711763,9.645135,130.753891,87.875,True,,
2026-07-03T17:32:49.614448+00:00,2,84c946c09e379fb1,anthropic-claude-fable-5-v6-hard1-80-xhigh-v2,anthropic,claude-fable-5,,xhigh,32000,v6,True,6,OpenAIChat,abc390_e,hard,8,1,completed,end_turn,897,2138,21.069946,4.269905,25.512137,83.803,True,,
2026-07-03T17:33:18.973256+00:00,2,9865e6f08db1be95,openai-model-fast-v6-hard1-80-xhigh-v2,openai,gpt-5.5-koffing-castor-kosmo-0527-test-ev3,https://api.openai.com/v1,xhigh,32000,v6,True,6,OpenAIChat,abc390_e,hard,8,1,completed,completed,660,4954,24.829455,0.496780,25.433569,194.782,True,,
2026-07-03T17:33:55.414189+00:00,2,9865e6f08db1be95,openai-model-fast-v6-hard1-80-xhigh-v2,openai,gpt-5.5-koffing-castor-kosmo-0527-test-ev3,https://api.openai.com/v1,xhigh,32000,v6,True,6,OpenAIChat,abc390_e,hard,8,2,completed,completed,660,1232,5.686464,0.314659,6.110964,201.605,True,,
2026-07-03T17:34:11.660141+00:00,2,84c946c09e379fb1,anthropic-claude-fable-5-v6-hard1-80-xhigh-v2,anthropic,claude-fable-5,,xhigh,32000,v6,True,6,OpenAIChat,abc390_e,hard,8,2,completed,end_turn,897,2297,21.161101,4.308888,25.867302,88.799,True,,
2026-07-03T17:34:41.262212+00:00,2,84c946c09e379fb1,anthropic-claude-fable-5-v6-hard1-80-xhigh-v2,anthropic,claude-fable-5,,xhigh,32000,v6,True,6,OpenAIChat,abc390_e,hard,8,3,completed,end_turn,897,1779,19.065356,3.320372,22.424862,79.332,True,,
2026-07-03T17:35:07.559182+00:00,2,9865e6f08db1be95,openai-model-fast-v6-hard1-80-xhigh-v2,openai,gpt-5.5-koffing-castor-kosmo-0527-test-ev3,https://api.openai.com/v1,xhigh,32000,v6,True,6,OpenAIChat,abc390_e,hard,8,3,completed,completed,660,782,3.519105,0.314165,3.896466,200.695,False,,
2026-07-03T17:35:15.146913+00:00,2,9865e6f08db1be95,openai-model-fast-v6-hard1-80-xhigh-v2,openai,gpt-5.5-koffing-castor-kosmo-0527-test-ev3,https://api.openai.com/v1,xhigh,32000,v6,True,6,OpenAIChat,abc390_g,hard,9,1,completed,completed,507,4656,17.378472,0.989735,18.470467,252.078,False,,
2026-07-03T17:35:37.020742+00:00,2,84c946c09e379fb1,anthropic-claude-fable-5-v6-hard1-80-xhigh-v2,anthropic,claude-fable-5,,xhigh,32000,v6,True,6,OpenAIChat,abc390_g,hard,9,1,completed,end_turn,684,15452,151.669518,17.486113,169.205299,91.321,True,,
2026-07-03T17:38:32.649212+00:00,2,84c946c09e379fb1,anthropic-claude-fable-5-v6-hard1-80-xhigh-v2,anthropic,claude-fable-5,,xhigh,32000,v6,True,6,OpenAIChat,abc390_g,hard,9,2,completed,end_turn,684,10339,96.013803,12.637957,108.676725,95.135,True,,
2026-07-03T17:40:28.853527+00:00,2,9865e6f08db1be95,openai-model-fast-v6-hard1-80-xhigh-v2,openai,gpt-5.5-koffing-castor-kosmo-0527-test-ev3,https://api.openai.com/v1,xhigh,32000,v6,True,6,OpenAIChat,abc390_g,hard,9,2,completed,completed,507,4907,18.464180,0.942121,19.534871,251.192,True,,
2026-07-03T17:40:55.324644+00:00,2,9865e6f08db1be95,openai-model-fast-v6-hard1-80-xhigh-v2,openai,gpt-5.5-koffing-castor-kosmo-0527-test-ev3,https://api.openai.com/v1,xhigh,32000,v6,True,6,OpenAIChat,abc390_g,hard,9,3,completed,completed,507,5069,18.911898,1.220322,20.220285,250.689,True,,
2026-07-03T17:41:23.052842+00:00,2,84c946c09e379fb1,anthropic-claude-fable-5-v6-hard1-80-xhigh-v2,anthropic,claude-fable-5,,xhigh,32000,v6,True,6,OpenAIChat,abc390_g,hard,9,3,completed,end_turn,684,12826,122.870504,15.235673,138.126338,92.857,True,,
2026-07-03T17:43:47.608355+00:00,2,84c946c09e379fb1,anthropic-claude-fable-5-v6-hard1-80-xhigh-v2,anthropic,claude-fable-5,,xhigh,32000,v6,True,6,OpenAIChat,abc390_f,hard,10,1,completed,end_turn,877,4184,36.521604,9.378318,45.970767,91.014,True,,
2026-07-03T17:44:37.709720+00:00,2,9865e6f08db1be95,openai-model-fast-v6-hard1-80-xhigh-v2,openai,gpt-5.5-koffing-castor-kosmo-0527-test-ev3,https://api.openai.com/v1,xhigh,32000,v6,True,6,OpenAIChat,abc390_f,hard,10,1,completed,completed,640,1587,7.165474,0.260944,9.102705,174.344,True,,
2026-07-03T17:44:50.301885+00:00,2,9865e6f08db1be95,openai-model-fast-v6-hard1-80-xhigh-v2,openai,gpt-5.5-koffing-castor-kosmo-0527-test-ev3,https://api.openai.com/v1,xhigh,32000,v6,True,6,OpenAIChat,abc390_f,hard,10,2,completed,completed,640,3226,13.585712,0.543222,14.255461,226.299,True,,
2026-07-03T17:45:07.655615+00:00,2,84c946c09e379fb1,anthropic-claude-fable-5-v6-hard1-80-xhigh-v2,anthropic,claude-fable-5,,xhigh,32000,v6,True,6,OpenAIChat,abc390_f,hard,10,2,completed,end_turn,877,3968,33.854927,8.322822,42.233844,93.953,True,,
2026-07-03T17:45:53.307691+00:00,2,84c946c09e379fb1,anthropic-claude-fable-5-v6-hard1-80-xhigh-v2,anthropic,claude-fable-5,,xhigh,32000,v6,True,6,OpenAIChat,abc390_f,hard,10,3,completed,end_turn,877,3235,25.977097,8.475951,34.489937,93.795,True,,
2026-07-03T17:46:31.215608+00:00,2,9865e6f08db1be95,openai-model-fast-v6-hard1-80-xhigh-v2,openai,gpt-5.5-koffing-castor-kosmo-0527-test-ev3,https://api.openai.com/v1,xhigh,32000,v6,True,6,OpenAIChat,abc390_f,hard,10,3,completed,completed,640,1554,6.533972,0.728310,7.344453,211.588,False,,
2026-07-03T17:46:41.712210+00:00,2,9865e6f08db1be95,openai-model-fast-v6-hard1-80-xhigh-v2,openai,gpt-5.5-koffing-castor-kosmo-0527-test-ev3,https://api.openai.com/v1,xhigh,32000,v6,True,6,OpenAIChat,abc391_f,hard,11,1,completed,completed,991,7234,34.320583,0.841025,35.272305,205.090,False,,
2026-07-03T17:47:20.450095+00:00,2,84c946c09e379fb1,anthropic-claude-fable-5-v6-hard1-80-xhigh-v2,anthropic,claude-fable-5,,xhigh,32000,v6,True,6,OpenAIChat,abc391_f,hard,11,1,completed,end_turn,1193,7383,75.180045,9.826005,85.126944,86.729,True,,
2026-07-03T17:48:54.497352+00:00,2,84c946c09e379fb1,anthropic-claude-fable-5-v6-hard1-80-xhigh-v2,anthropic,claude-fable-5,,xhigh,32000,v6,True,6,OpenAIChat,abc391_f,hard,11,2,completed,end_turn,1193,5416,51.507914,10.148334,61.679614,87.809,True,,
2026-07-03T17:50:04.365206+00:00,2,9865e6f08db1be95,openai-model-fast-v6-hard1-80-xhigh-v2,openai,gpt-5.5-koffing-castor-kosmo-0527-test-ev3,https://api.openai.com/v1,xhigh,32000,v6,True,6,OpenAIChat,abc391_f,hard,11,2,completed,completed,991,5817,30.060613,0.000000,30.171464,192.798,False,,
2026-07-03T17:50:37.821717+00:00,2,9865e6f08db1be95,openai-model-fast-v6-hard1-80-xhigh-v2,openai,gpt-5.5-koffing-castor-kosmo-0527-test-ev3,https://api.openai.com/v1,xhigh,32000,v6,True,6,OpenAIChat,abc391_f,hard,11,3,completed,completed,991,3630,15.744706,0.746624,16.630504,218.274,False,,
2026-07-03T17:50:57.572374+00:00,2,84c946c09e379fb1,anthropic-claude-fable-5-v6-hard1-80-xhigh-v2,anthropic,claude-fable-5,,xhigh,32000,v6,True,6,OpenAIChat,abc391_f,hard,11,3,completed,end_turn,1193,2794,20.250011,10.932722,31.199672,89.552,True,,
2026-07-03T17:51:36.482971+00:00,2,84c946c09e379fb1,anthropic-claude-fable-5-v6-hard1-80-xhigh-v2,anthropic,claude-fable-5,,xhigh,32000,v6,True,6,OpenAIChat,abc391_e,hard,12,1,completed,end_turn,855,1145,15.780157,2.996095,18.815383,60.854,True,,
2026-07-03T17:51:58.735365+00:00,2,9865e6f08db1be95,openai-model-fast-v6-hard1-80-xhigh-v2,openai,gpt-5.5-koffing-castor-kosmo-0527-test-ev3,https://api.openai.com/v1,xhigh,32000,v6,True,6,OpenAIChat,abc391_e,hard,12,1,completed,completed,648,1329,6.580360,0.238695,6.946559,191.318,True,,
2026-07-03T17:52:10.036866+00:00,2,9865e6f08db1be95,openai-model-fast-v6-hard1-80-xhigh-v2,openai,gpt-5.5-koffing-castor-kosmo-0527-test-ev3,https://api.openai.com/v1,xhigh,32000,v6,True,6,OpenAIChat,abc391_e,hard,12,2,completed,completed,648,1469,6.172874,0.518662,6.756661,217.415,True,,
2026-07-03T17:52:20.651813+00:00,2,84c946c09e379fb1,anthropic-claude-fable-5-v6-hard1-80-xhigh-v2,anthropic,claude-fable-5,,xhigh,32000,v6,True,6,OpenAIChat,abc391_e,hard,12,2,completed,end_turn,855,692,9.339263,2.795085,12.201468,56.714,True,,
2026-07-03T17:52:36.701495+00:00,2,84c946c09e379fb1,anthropic-claude-fable-5-v6-hard1-80-xhigh-v2,anthropic,claude-fable-5,,xhigh,32000,v6,True,6,OpenAIChat,abc391_e,hard,12,3,completed,end_turn,855,778,12.598620,2.522816,15.137568,51.395,True,,
2026-07-03T17:52:56.703513+00:00,2,9865e6f08db1be95,openai-model-fast-v6-hard1-80-xhigh-v2,openai,gpt-5.5-koffing-castor-kosmo-0527-test-ev3,https://api.openai.com/v1,xhigh,32000,v6,True,6,OpenAIChat,abc391_e,hard,12,3,completed,completed,648,812,3.739578,0.418196,4.293736,189.113,True,,
2026-07-03T17:53:05.241021+00:00,2,9865e6f08db1be95,openai-model-fast-v6-hard1-80-xhigh-v2,openai,gpt-5.5-koffing-castor-kosmo-0527-test-ev3,https://api.openai.com/v1,xhigh,32000,v6,True,6,OpenAIChat,abc391_g,hard,13,1,completed,completed,541,1733,7.632532,0.560220,8.272927,209.478,False,,
2026-07-03T17:53:17.076377+00:00,2,84c946c09e379fb1,anthropic-claude-fable-5-v6-hard1-80-xhigh-v2,anthropic,claude-fable-5,,xhigh,32000,v6,True,6,OpenAIChat,abc391_g,hard,13,1,completed,end_turn,745,1872,15.756513,6.880658,22.730925,82.355,True,,
2026-07-03T17:53:44.422534+00:00,2,84c946c09e379fb1,anthropic-claude-fable-5-v6-hard1-80-xhigh-v2,anthropic,claude-fable-5,,xhigh,32000,v6,True,6,OpenAIChat,abc391_g,hard,13,2,completed,end_turn,745,2227,16.776298,10.183069,26.994645,82.498,True,,
2026-07-03T17:54:15.979994+00:00,2,9865e6f08db1be95,openai-model-fast-v6-hard1-80-xhigh-v2,openai,gpt-5.5-koffing-castor-kosmo-0527-test-ev3,https://api.openai.com/v1,xhigh,32000,v6,True,6,OpenAIChat,abc391_g,hard,13,2,completed,completed,541,1415,6.310445,0.334168,6.734082,210.125,True,,
2026-07-03T17:54:26.446819+00:00,2,9865e6f08db1be95,openai-model-fast-v6-hard1-80-xhigh-v2,openai,gpt-5.5-koffing-castor-kosmo-0527-test-ev3,https://api.openai.com/v1,xhigh,32000,v6,True,6,OpenAIChat,abc391_g,hard,13,3,completed,completed,541,1869,7.705965,0.812874,8.630072,216.568,True,,
2026-07-03T17:54:40.114020+00:00,2,84c946c09e379fb1,anthropic-claude-fable-5-v6-hard1-80-xhigh-v2,anthropic,claude-fable-5,,xhigh,32000,v6,True,6,OpenAIChat,abc391_g,hard,13,3,completed,end_turn,745,2224,15.028576,10.713845,25.995096,85.555,True,,
2026-07-03T17:55:10.773418+00:00,2,84c946c09e379fb1,anthropic-claude-fable-5-v6-hard1-80-xhigh-v2,anthropic,claude-fable-5,,xhigh,32000,v6,True,6,OpenAIChat,abc392_g,hard,14,1,completed,end_turn,586,1653,20.289146,3.403378,23.709046,69.720,True,,
2026-07-03T17:55:40.211179+00:00,2,9865e6f08db1be95,openai-model-fast-v6-hard1-80-xhigh-v2,openai,gpt-5.5-koffing-castor-kosmo-0527-test-ev3,https://api.openai.com/v1,xhigh,32000,v6,True,6,OpenAIChat,abc392_g,hard,14,1,completed,completed,449,16696,62.443094,2.913539,65.559858,254.668,True,,
2026-07-03T17:56:50.132849+00:00,2,9865e6f08db1be95,openai-model-fast-v6-hard1-80-xhigh-v2,openai,gpt-5.5-koffing-castor-kosmo-0527-test-ev3,https://api.openai.com/v1,xhigh,32000,v6,True,6,OpenAIChat,abc392_g,hard,14,2,completed,completed,449,11617,55.500676,0.516089,56.141185,206.925,True,,
2026-07-03T17:57:54.509299+00:00,2,84c946c09e379fb1,anthropic-claude-fable-5-v6-hard1-80-xhigh-v2,anthropic,claude-fable-5,,xhigh,32000,v6,True,6,OpenAIChat,abc392_g,hard,14,2,completed,end_turn,586,3356,31.351862,8.816927,40.191789,83.500,True,,
2026-07-03T17:58:40.176616+00:00,2,84c946c09e379fb1,anthropic-claude-fable-5-v6-hard1-80-xhigh-v2,anthropic,claude-fable-5,,xhigh,32000,v6,True,6,OpenAIChat,abc392_g,hard,14,3,completed,end_turn,586,1078,11.607946,2.812576,14.442238,74.642,True,,
2026-07-03T17:59:00.204238+00:00,2,9865e6f08db1be95,openai-model-fast-v6-hard1-80-xhigh-v2,openai,gpt-5.5-koffing-castor-kosmo-0527-test-ev3,https://api.openai.com/v1,xhigh,32000,v6,True,6,OpenAIChat,abc392_g,hard,14,3,completed,completed,449,15987,64.789484,2.593959,67.774484,235.885,False,,
2026-07-03T18:00:17.409655+00:00,2,9865e6f08db1be95,openai-model-fast-v6-hard1-80-xhigh-v2,openai,gpt-5.5-koffing-castor-kosmo-0527-test-ev3,https://api.openai.com/v1,xhigh,32000,v6,True,6,OpenAIChat,abc392_f,hard,15,1,completed,completed,530,629,2.920163,0.646696,3.659868,171.864,False,,
2026-07-03T18:00:24.238601+00:00,2,84c946c09e379fb1,anthropic-claude-fable-5-v6-hard1-80-xhigh-v2,anthropic,claude-fable-5,,xhigh,32000,v6,True,6,OpenAIChat,abc392_f,hard,15,1,completed,end_turn,698,1899,14.671238,7.818191,22.506311,84.376,False,,
2026-07-03T18:00:50.005733+00:00,2,84c946c09e379fb1,anthropic-claude-fable-5-v6-hard1-80-xhigh-v2,anthropic,claude-fable-5,,xhigh,32000,v6,True,6,OpenAIChat,abc392_f,hard,15,2,completed,end_turn,698,2145,18.140970,7.699041,25.860546,82.945,False,,
2026-07-03T18:01:20.625909+00:00,2,9865e6f08db1be95,openai-model-fast-v6-hard1-80-xhigh-v2,openai,gpt-5.5-koffing-castor-kosmo-0527-test-ev3,https://api.openai.com/v1,xhigh,32000,v6,True,6,OpenAIChat,abc392_f,hard,15,2,completed,completed,530,479,3.611022,0.257038,3.921771,122.139,False,,
2026-07-03T18:01:30.229587+00:00,2,9865e6f08db1be95,openai-model-fast-v6-hard1-80-xhigh-v2,openai,gpt-5.5-koffing-castor-kosmo-0527-test-ev3,https://api.openai.com/v1,xhigh,32000,v6,True,6,OpenAIChat,abc392_f,hard,15,3,completed,completed,530,564,2.379906,0.477456,2.984637,188.968,False,,
2026-07-03T18:01:37.075820+00:00,2,84c946c09e379fb1,anthropic-claude-fable-5-v6-hard1-80-xhigh-v2,anthropic,claude-fable-5,,xhigh,32000,v6,True,6,OpenAIChat,abc392_f,hard,15,3,completed,end_turn,698,1987,16.514828,6.065107,22.632005,87.796,False,,
2026-07-03T18:02:03.242318+00:00,2,84c946c09e379fb1,anthropic-claude-fable-5-v6-hard1-80-xhigh-v2,anthropic,claude-fable-5,,xhigh,32000,v6,True,6,OpenAIChat,abc393_f,hard,16,1,completed,end_turn,938,950,8.488597,3.879056,12.381101,76.730,True,,
2026-07-03T18:02:19.266735+00:00,2,9865e6f08db1be95,openai-model-fast-v6-hard1-80-xhigh-v2,openai,gpt-5.5-koffing-castor-kosmo-0527-test-ev3,https://api.openai.com/v1,xhigh,32000,v6,True,6,OpenAIChat,abc393_f,hard,16,1,completed,completed,705,835,3.592858,0.454416,4.123632,202.491,False,,
2026-07-03T18:02:26.941047+00:00,2,9865e6f08db1be95,openai-model-fast-v6-hard1-80-xhigh-v2,openai,gpt-5.5-koffing-castor-kosmo-0527-test-ev3,https://api.openai.com/v1,xhigh,32000,v6,True,6,OpenAIChat,abc393_f,hard,16,2,completed,completed,705,741,3.052132,0.285952,3.405667,217.579,False,,
2026-07-03T18:02:33.401704+00:00,2,84c946c09e379fb1,anthropic-claude-fable-5-v6-hard1-80-xhigh-v2,anthropic,claude-fable-5,,xhigh,32000,v6,True,6,OpenAIChat,abc393_f,hard,16,2,completed,end_turn,938,1210,9.277628,5.289638,14.732314,82.132,True,,
2026-07-03T18:02:51.750283+00:00,2,84c946c09e379fb1,anthropic-claude-fable-5-v6-hard1-80-xhigh-v2,anthropic,claude-fable-5,,xhigh,32000,v6,True,6,OpenAIChat,abc393_f,hard,16,3,completed,end_turn,938,945,7.323299,4.518844,11.888531,79.488,True,,
2026-07-03T18:03:07.302564+00:00,2,9865e6f08db1be95,openai-model-fast-v6-hard1-80-xhigh-v2,openai,gpt-5.5-koffing-castor-kosmo-0527-test-ev3,https://api.openai.com/v1,xhigh,32000,v6,True,6,OpenAIChat,abc393_f,hard,16,3,completed,completed,705,475,2.009886,0.263108,2.331814,203.704,False,,
2026-07-03T18:03:12.838194+00:00,2,9865e6f08db1be95,openai-model-fast-v6-hard1-80-xhigh-v2,openai,gpt-5.5-koffing-castor-kosmo-0527-test-ev3,https://api.openai.com/v1,xhigh,32000,v6,True,6,OpenAIChat,abc393_e,hard,17,1,completed,completed,618,6968,32.162841,0.522066,32.817159,212.328,False,,
2026-07-03T18:03:49.986417+00:00,2,84c946c09e379fb1,anthropic-claude-fable-5-v6-hard1-80-xhigh-v2,anthropic,claude-fable-5,,xhigh,32000,v6,True,6,OpenAIChat,abc393_e,hard,17,1,completed,end_turn,821,13325,145.869885,12.625561,158.579183,84.027,True,,
2026-07-03T18:06:35.182798+00:00,2,84c946c09e379fb1,anthropic-claude-fable-5-v6-hard1-80-xhigh-v2,anthropic,claude-fable-5,,xhigh,32000,v6,True,6,OpenAIChat,abc393_e,hard,17,2,completed,end_turn,821,2734,27.831806,5.562169,33.411527,81.828,True,,
2026-07-03T18:07:22.780354+00:00,2,9865e6f08db1be95,openai-model-fast-v6-hard1-80-xhigh-v2,openai,gpt-5.5-koffing-castor-kosmo-0527-test-ev3,https://api.openai.com/v1,xhigh,32000,v6,True,6,OpenAIChat,abc393_e,hard,17,2,completed,completed,618,9449,43.664711,1.102237,44.913404,210.383,False,,
2026-07-03T18:08:11.571226+00:00,2,9865e6f08db1be95,openai-model-fast-v6-hard1-80-xhigh-v2,openai,gpt-5.5-koffing-castor-kosmo-0527-test-ev3,https://api.openai.com/v1,xhigh,32000,v6,True,6,OpenAIChat,abc393_e,hard,17,3,completed,completed,618,5442,24.843755,0.614633,25.626499,212.358,True,,
2026-07-03T18:08:43.321023+00:00,2,84c946c09e379fb1,anthropic-claude-fable-5-v6-hard1-80-xhigh-v2,anthropic,claude-fable-5,,xhigh,32000,v6,True,6,OpenAIChat,abc393_e,hard,17,3,completed,end_turn,821,15572,170.068958,11.699158,181.856729,85.628,True,,
2026-07-03T18:11:50.868833+00:00,2,84c946c09e379fb1,anthropic-claude-fable-5-v6-hard1-80-xhigh-v2,anthropic,claude-fable-5,,xhigh,32000,v6,True,6,OpenAIChat,abc393_d,hard,18,1,completed,end_turn,726,223,4.414660,1.055136,5.496834,40.569,True,,
2026-07-03T18:12:04.587323+00:00,2,9865e6f08db1be95,openai-model-fast-v6-hard1-80-xhigh-v2,openai,gpt-5.5-koffing-castor-kosmo-0527-test-ev3,https://api.openai.com/v1,xhigh,32000,v6,True,6,OpenAIChat,abc393_d,hard,18,1,completed,completed,539,187,1.518996,0.030773,1.615069,115.785,False,,
2026-07-03T18:12:10.059097+00:00,2,9865e6f08db1be95,openai-model-fast-v6-hard1-80-xhigh-v2,openai,gpt-5.5-koffing-castor-kosmo-0527-test-ev3,https://api.openai.com/v1,xhigh,32000,v6,True,6,OpenAIChat,abc393_d,hard,18,2,completed,completed,539,227,1.200333,0.127870,1.429824,158.761,False,,
2026-07-03T18:12:15.370281+00:00,2,84c946c09e379fb1,anthropic-claude-fable-5-v6-hard1-80-xhigh-v2,anthropic,claude-fable-5,,xhigh,32000,v6,True,6,OpenAIChat,abc393_d,hard,18,2,completed,end_turn,726,280,4.805221,1.506081,6.388500,43.829,True,,
2026-07-03T18:12:28.009201+00:00,2,84c946c09e379fb1,anthropic-claude-fable-5-v6-hard1-80-xhigh-v2,anthropic,claude-fable-5,,xhigh,32000,v6,True,6,OpenAIChat,abc393_d,hard,18,3,completed,end_turn,726,223,3.570447,1.477526,5.077271,43.921,True,,
2026-07-03T18:12:38.402131+00:00,2,9865e6f08db1be95,openai-model-fast-v6-hard1-80-xhigh-v2,openai,gpt-5.5-koffing-castor-kosmo-0527-test-ev3,https://api.openai.com/v1,xhigh,32000,v6,True,6,OpenAIChat,abc393_d,hard,18,3,completed,completed,539,219,1.155778,0.111558,1.328907,164.797,True,,
2026-07-03T18:12:43.749879+00:00,2,9865e6f08db1be95,openai-model-fast-v6-hard1-80-xhigh-v2,openai,gpt-5.5-koffing-castor-kosmo-0527-test-ev3,https://api.openai.com/v1,xhigh,32000,v6,True,6,OpenAIChat,abc394_f,hard,19,1,completed,completed,618,2497,11.725710,0.576828,12.397440,201.413,False,,
2026-07-03T18:13:00.380007+00:00,2,84c946c09e379fb1,anthropic-claude-fable-5-v6-hard1-80-xhigh-v2,anthropic,claude-fable-5,,xhigh,32000,v6,True,6,OpenAIChat,abc394_f,hard,19,1,completed,end_turn,813,5805,56.051438,10.547105,66.661978,87.081,True,,
2026-07-03T18:14:10.845299+00:00,2,84c946c09e379fb1,anthropic-claude-fable-5-v6-hard1-80-xhigh-v2,anthropic,claude-fable-5,,xhigh,32000,v6,True,6,OpenAIChat,abc394_f,hard,19,2,completed,end_turn,813,7376,74.060545,13.380201,87.468293,84.328,True,,
2026-07-03T18:15:42.186520+00:00,2,9865e6f08db1be95,openai-model-fast-v6-hard1-80-xhigh-v2,openai,gpt-5.5-koffing-castor-kosmo-0527-test-ev3,https://api.openai.com/v1,xhigh,32000,v6,True,6,OpenAIChat,abc394_f,hard,19,2,completed,completed,618,1964,9.992326,0.538970,10.650116,184.411,False,,
2026-07-03T18:15:56.368002+00:00,2,9865e6f08db1be95,openai-model-fast-v6-hard1-80-xhigh-v2,openai,gpt-5.5-koffing-castor-kosmo-0527-test-ev3,https://api.openai.com/v1,xhigh,32000,v6,True,6,OpenAIChat,abc394_f,hard,19,3,completed,completed,618,4411,21.127268,0.820201,22.097253,199.618,True,,
2026-07-03T18:16:22.045236+00:00,2,84c946c09e379fb1,anthropic-claude-fable-5-v6-hard1-80-xhigh-v2,anthropic,claude-fable-5,,xhigh,32000,v6,True,6,OpenAIChat,abc394_f,hard,19,3,completed,end_turn,813,4245,35.026056,11.869081,46.911887,90.489,True,,
2026-07-03T18:17:12.453556+00:00,2,84c946c09e379fb1,anthropic-claude-fable-5-v6-hard1-80-xhigh-v2,anthropic,claude-fable-5,,xhigh,32000,v6,True,6,OpenAIChat,abc394_g,hard,20,1,completed,end_turn,1798,12965,131.033247,17.300636,148.368864,87.384,True,,
2026-07-03T18:19:44.565522+00:00,2,9865e6f08db1be95,openai-model-fast-v6-hard1-80-xhigh-v2,openai,gpt-5.5-koffing-castor-kosmo-0527-test-ev3,https://api.openai.com/v1,xhigh,32000,v6,True,6,OpenAIChat,abc394_g,hard,20,1,completed,completed,1403,7161,34.292313,1.389632,35.801686,200.019,False,,
2026-07-03T18:20:24.089741+00:00,2,9865e6f08db1be95,openai-model-fast-v6-hard1-80-xhigh-v2,openai,gpt-5.5-koffing-castor-kosmo-0527-test-ev3,https://api.openai.com/v1,xhigh,32000,v6,True,6,OpenAIChat,abc394_g,hard,20,2,completed,completed,1403,9937,46.423361,1.318166,47.893700,207.480,False,,
2026-07-03T18:21:15.937400+00:00,2,84c946c09e379fb1,anthropic-claude-fable-5-v6-hard1-80-xhigh-v2,anthropic,claude-fable-5,,xhigh,32000,v6,True,6,OpenAIChat,abc394_g,hard,20,2,completed,end_turn,1798,23764,271.778460,19.200571,291.047946,81.650,True,,
2026-07-03T18:26:10.821171+00:00,2,84c946c09e379fb1,anthropic-claude-fable-5-v6-hard1-80-xhigh-v2,anthropic,claude-fable-5,,xhigh,32000,v6,True,6,OpenAIChat,abc394_g,hard,20,3,completed,end_turn,1798,11141,115.298865,12.551814,127.897143,87.109,True,,
2026-07-03T18:28:22.688798+00:00,2,9865e6f08db1be95,openai-model-fast-v6-hard1-80-xhigh-v2,openai,gpt-5.5-koffing-castor-kosmo-0527-test-ev3,https://api.openai.com/v1,xhigh,32000,v6,True,6,OpenAIChat,abc394_g,hard,20,3,completed,completed,1403,6201,29.158188,1.355570,30.664653,202.220,False,,
2026-07-03T18:28:57.066806+00:00,2,9865e6f08db1be95,openai-model-fast-v6-hard1-80-xhigh-v2,openai,gpt-5.5-koffing-castor-kosmo-0527-test-ev3,https://api.openai.com/v1,xhigh,32000,v6,True,6,OpenAIChat,abc394_e,hard,21,1,completed,completed,832,2163,8.814255,1.078885,9.982292,216.684,False,,
2026-07-03T18:29:10.713517+00:00,2,84c946c09e379fb1,anthropic-claude-fable-5-v6-hard1-80-xhigh-v2,anthropic,claude-fable-5,,xhigh,32000,v6,True,6,OpenAIChat,abc394_e,hard,21,1,completed,end_turn,1109,2452,22.132120,6.489611,28.768983,85.231,True,,
2026-07-03T18:29:43.915621+00:00,2,84c946c09e379fb1,anthropic-claude-fable-5-v6-hard1-80-xhigh-v2,anthropic,claude-fable-5,,xhigh,32000,v6,True,6,OpenAIChat,abc394_e,hard,21,2,completed,end_turn,1109,6551,67.375794,13.185495,80.574936,81.303,True,,
2026-07-03T18:31:08.057707+00:00,2,9865e6f08db1be95,openai-model-fast-v6-hard1-80-xhigh-v2,openai,gpt-5.5-koffing-castor-kosmo-0527-test-ev3,https://api.openai.com/v1,xhigh,32000,v6,True,6,OpenAIChat,abc394_e,hard,21,2,completed,completed,832,2380,15.970634,1.377769,17.455266,136.349,True,,
2026-07-03T18:31:30.638742+00:00,2,9865e6f08db1be95,openai-model-fast-v6-hard1-80-xhigh-v2,openai,gpt-5.5-koffing-castor-kosmo-0527-test-ev3,https://api.openai.com/v1,xhigh,32000,v6,True,6,OpenAIChat,abc394_e,hard,21,3,completed,completed,832,2890,12.649313,1.264894,14.058712,205.566,True,,
2026-07-03T18:31:48.543818+00:00,2,84c946c09e379fb1,anthropic-claude-fable-5-v6-hard1-80-xhigh-v2,anthropic,claude-fable-5,,xhigh,32000,v6,True,6,OpenAIChat,abc394_e,hard,21,3,completed,end_turn,1109,4072,33.018598,12.225061,45.280475,89.928,True,,
2026-07-03T18:32:37.457649+00:00,2,84c946c09e379fb1,anthropic-claude-fable-5-v6-hard1-80-xhigh-v2,anthropic,claude-fable-5,,xhigh,32000,v6,True,6,OpenAIChat,abc395_f,hard,22,1,completed,end_turn,1040,2606,16.416277,11.811286,28.247696,92.255,True,,
2026-07-03T18:33:09.422069+00:00,2,9865e6f08db1be95,openai-model-fast-v6-hard1-80-xhigh-v2,openai,gpt-5.5-koffing-castor-kosmo-0527-test-ev3,https://api.openai.com/v1,xhigh,32000,v6,True,6,OpenAIChat,abc395_f,hard,22,1,completed,completed,795,1004,4.788364,0.339123,5.209266,192.733,False,,
2026-07-03T18:33:18.018027+00:00,2,9865e6f08db1be95,openai-model-fast-v6-hard1-80-xhigh-v2,openai,gpt-5.5-koffing-castor-kosmo-0527-test-ev3,https://api.openai.com/v1,xhigh,32000,v6,True,6,OpenAIChat,abc395_f,hard,22,2,completed,completed,795,1446,6.318833,0.284424,6.715598,215.320,False,,
2026-07-03T18:33:28.155354+00:00,2,84c946c09e379fb1,anthropic-claude-fable-5-v6-hard1-80-xhigh-v2,anthropic,claude-fable-5,,xhigh,32000,v6,True,6,OpenAIChat,abc395_f,hard,22,2,completed,end_turn,1040,2372,20.377003,7.564815,27.982295,84.768,True,,
2026-07-03T18:33:59.880670+00:00,2,84c946c09e379fb1,anthropic-claude-fable-5-v6-hard1-80-xhigh-v2,anthropic,claude-fable-5,,xhigh,32000,v6,True,6,OpenAIChat,abc395_f,hard,22,3,completed,end_turn,1040,3018,23.012539,9.798827,32.838690,91.904,True,,
2026-07-03T18:34:36.490020+00:00,2,9865e6f08db1be95,openai-model-fast-v6-hard1-80-xhigh-v2,openai,gpt-5.5-koffing-castor-kosmo-0527-test-ev3,https://api.openai.com/v1,xhigh,32000,v6,True,6,OpenAIChat,abc395_f,hard,22,3,completed,completed,795,1338,5.707757,0.397632,6.218695,215.158,False,,
2026-07-03T18:34:46.287950+00:00,2,9865e6f08db1be95,openai-model-fast-v6-hard1-80-xhigh-v2,openai,gpt-5.5-koffing-castor-kosmo-0527-test-ev3,https://api.openai.com/v1,xhigh,32000,v6,True,6,OpenAIChat,abc395_e,hard,23,1,completed,completed,948,458,2.352377,0.249041,2.701216,169.553,False,,
2026-07-03T18:34:52.814638+00:00,2,84c946c09e379fb1,anthropic-claude-fable-5-v6-hard1-80-xhigh-v2,anthropic,claude-fable-5,,xhigh,32000,v6,True,6,OpenAIChat,abc395_e,hard,23,1,completed,end_turn,1279,967,4.910642,5.928150,10.877050,88.903,True,,
2026-07-03T18:35:07.296581+00:00,2,84c946c09e379fb1,anthropic-claude-fable-5-v6-hard1-80-xhigh-v2,anthropic,claude-fable-5,,xhigh,32000,v6,True,6,OpenAIChat,abc395_e,hard,23,2,completed,end_turn,1279,732,4.492192,5.123892,9.655943,75.808,True,,
2026-07-03T18:35:22.017169+00:00,2,9865e6f08db1be95,openai-model-fast-v6-hard1-80-xhigh-v2,openai,gpt-5.5-koffing-castor-kosmo-0527-test-ev3,https://api.openai.com/v1,xhigh,32000,v6,True,6,OpenAIChat,abc395_e,hard,23,2,completed,completed,948,782,3.012641,0.711171,3.831587,204.093,False,,
2026-07-03T18:35:29.590715+00:00,2,9865e6f08db1be95,openai-model-fast-v6-hard1-80-xhigh-v2,openai,gpt-5.5-koffing-castor-kosmo-0527-test-ev3,https://api.openai.com/v1,xhigh,32000,v6,True,6,OpenAIChat,abc395_e,hard,23,3,completed,completed,948,829,3.713667,0.563319,4.357907,190.229,False,,
2026-07-03T18:35:37.870079+00:00,2,84c946c09e379fb1,anthropic-claude-fable-5-v6-hard1-80-xhigh-v2,anthropic,claude-fable-5,,xhigh,32000,v6,True,6,OpenAIChat,abc395_e,hard,23,3,completed,end_turn,1279,819,4.564308,5.221596,10.187648,80.391,True,,
2026-07-03T18:35:51.850069+00:00,2,84c946c09e379fb1,anthropic-claude-fable-5-v6-hard1-80-xhigh-v2,anthropic,claude-fable-5,,xhigh,32000,v6,True,6,OpenAIChat,abc396_g,hard,24,1,completed,end_turn,899,3704,32.297714,10.300664,42.635319,86.876,True,,
2026-07-03T18:36:38.608264+00:00,2,9865e6f08db1be95,openai-model-fast-v6-hard1-80-xhigh-v2,openai,gpt-5.5-koffing-castor-kosmo-0527-test-ev3,https://api.openai.com/v1,xhigh,32000,v6,True,6,OpenAIChat,abc396_g,hard,24,1,completed,completed,675,659,3.554129,0.247956,3.870687,170.254,False,,
2026-07-03T18:36:46.273819+00:00,2,9865e6f08db1be95,openai-model-fast-v6-hard1-80-xhigh-v2,openai,gpt-5.5-koffing-castor-kosmo-0527-test-ev3,https://api.openai.com/v1,xhigh,32000,v6,True,6,OpenAIChat,abc396_g,hard,24,2,completed,completed,675,1238,5.359206,0.380539,5.852800,211.523,False,,
2026-07-03T18:36:55.659315+00:00,2,84c946c09e379fb1,anthropic-claude-fable-5-v6-hard1-80-xhigh-v2,anthropic,claude-fable-5,,xhigh,32000,v6,True,6,OpenAIChat,abc396_g,hard,24,2,completed,end_turn,899,3542,37.650612,5.054008,42.758353,82.838,True,,
2026-07-03T18:37:42.081872+00:00,2,84c946c09e379fb1,anthropic-claude-fable-5-v6-hard1-80-xhigh-v2,anthropic,claude-fable-5,,xhigh,32000,v6,True,6,OpenAIChat,abc396_g,hard,24,3,completed,end_turn,899,3003,25.259947,10.339628,35.643870,84.250,True,,
2026-07-03T18:38:21.560333+00:00,2,9865e6f08db1be95,openai-model-fast-v6-hard1-80-xhigh-v2,openai,gpt-5.5-koffing-castor-kosmo-0527-test-ev3,https://api.openai.com/v1,xhigh,32000,v6,True,6,OpenAIChat,abc396_g,hard,24,3,completed,completed,675,2466,10.681918,0.740003,11.615421,212.304,True,,
2026-07-03T18:38:38.945472+00:00,2,9865e6f08db1be95,openai-model-fast-v6-hard1-80-xhigh-v2,openai,gpt-5.5-koffing-castor-kosmo-0527-test-ev3,https://api.openai.com/v1,xhigh,32000,v6,True,6,OpenAIChat,abc396_f,hard,25,1,completed,completed,558,868,3.161994,0.515348,3.798208,228.529,False,,
2026-07-03T18:38:46.632576+00:00,2,84c946c09e379fb1,anthropic-claude-fable-5-v6-hard1-80-xhigh-v2,anthropic,claude-fable-5,,xhigh,32000,v6,True,6,OpenAIChat,abc396_f,hard,25,1,completed,end_turn,721,2547,21.198145,8.823158,30.043956,84.776,True,,
2026-07-03T18:39:23.970220+00:00,2,84c946c09e379fb1,anthropic-claude-fable-5-v6-hard1-80-xhigh-v2,anthropic,claude-fable-5,,xhigh,32000,v6,True,6,OpenAIChat,abc396_f,hard,25,2,completed,end_turn,721,3084,23.642927,10.657775,34.335189,89.820,True,,
2026-07-03T18:40:05.850867+00:00,2,9865e6f08db1be95,openai-model-fast-v6-hard1-80-xhigh-v2,openai,gpt-5.5-koffing-castor-kosmo-0527-test-ev3,https://api.openai.com/v1,xhigh,32000,v6,True,6,OpenAIChat,abc396_f,hard,25,2,completed,completed,558,948,4.181400,0.511270,4.804517,197.314,False,,
2026-07-03T18:40:14.286947+00:00,2,9865e6f08db1be95,openai-model-fast-v6-hard1-80-xhigh-v2,openai,gpt-5.5-koffing-castor-kosmo-0527-test-ev3,https://api.openai.com/v1,xhigh,32000,v6,True,6,OpenAIChat,abc396_f,hard,25,3,completed,completed,558,842,3.306490,0.517029,3.951715,213.072,False,,
2026-07-03T18:40:22.239926+00:00,2,84c946c09e379fb1,anthropic-claude-fable-5-v6-hard1-80-xhigh-v2,anthropic,claude-fable-5,,xhigh,32000,v6,True,6,OpenAIChat,abc396_f,hard,25,3,completed,end_turn,721,3487,31.148828,7.034502,38.202350,91.277,True,,
2026-07-03T18:41:07.691557+00:00,2,84c946c09e379fb1,anthropic-claude-fable-5-v6-hard1-80-xhigh-v2,anthropic,claude-fable-5,,xhigh,32000,v6,True,6,OpenAIChat,abc396_e,hard,26,1,completed,end_turn,1141,1766,12.684785,8.039035,20.753475,85.094,False,,
2026-07-03T18:41:32.075623+00:00,2,9865e6f08db1be95,openai-model-fast-v6-hard1-80-xhigh-v2,openai,gpt-5.5-koffing-castor-kosmo-0527-test-ev3,https://api.openai.com/v1,xhigh,32000,v6,True,6,OpenAIChat,abc396_e,hard,26,1,completed,completed,851,1382,7.906187,0.402747,8.640150,159.951,False,,
2026-07-03T18:41:44.445815+00:00,2,9865e6f08db1be95,openai-model-fast-v6-hard1-80-xhigh-v2,openai,gpt-5.5-koffing-castor-kosmo-0527-test-ev3,https://api.openai.com/v1,xhigh,32000,v6,True,6,OpenAIChat,abc396_e,hard,26,2,completed,completed,851,941,3.292090,0.665353,4.024997,233.789,False,,
2026-07-03T18:41:52.946648+00:00,2,84c946c09e379fb1,anthropic-claude-fable-5-v6-hard1-80-xhigh-v2,anthropic,claude-fable-5,,xhigh,32000,v6,True,6,OpenAIChat,abc396_e,hard,26,2,completed,end_turn,1141,1263,8.292253,7.611671,15.926455,79.302,False,,
2026-07-03T18:42:12.918740+00:00,2,84c946c09e379fb1,anthropic-claude-fable-5-v6-hard1-80-xhigh-v2,anthropic,claude-fable-5,,xhigh,32000,v6,True,6,OpenAIChat,abc396_e,hard,26,3,completed,end_turn,1141,2089,11.302464,12.092042,23.411717,89.229,False,,
2026-07-03T18:42:40.448091+00:00,2,9865e6f08db1be95,openai-model-fast-v6-hard1-80-xhigh-v2,openai,gpt-5.5-koffing-castor-kosmo-0527-test-ev3,https://api.openai.com/v1,xhigh,32000,v6,True,6,OpenAIChat,abc396_e,hard,26,3,completed,completed,851,2930,12.963932,0.540822,13.657080,214.541,False,,
2026-07-03T18:42:57.924186+00:00,2,9865e6f08db1be95,openai-model-fast-v6-hard1-80-xhigh-v2,openai,gpt-5.5-koffing-castor-kosmo-0527-test-ev3,https://api.openai.com/v1,xhigh,32000,v6,True,6,OpenAIChat,abc397_d,hard,27,1,completed,completed,390,985,4.739675,0.340509,5.178339,190.215,False,,
2026-07-03T18:43:07.188658+00:00,2,84c946c09e379fb1,anthropic-claude-fable-5-v6-hard1-80-xhigh-v2,anthropic,claude-fable-5,,xhigh,32000,v6,True,6,OpenAIChat,abc397_d,hard,27,1,completed,end_turn,536,1482,17.073480,2.859492,19.956207,74.263,False,,
2026-07-03T18:43:31.117252+00:00,2,84c946c09e379fb1,anthropic-claude-fable-5-v6-hard1-80-xhigh-v2,anthropic,claude-fable-5,,xhigh,32000,v6,True,6,OpenAIChat,abc397_d,hard,27,2,completed,end_turn,536,1078,10.984822,3.803829,14.847249,72.606,False,,
2026-07-03T18:43:49.594458+00:00,2,9865e6f08db1be95,openai-model-fast-v6-hard1-80-xhigh-v2,openai,gpt-5.5-koffing-castor-kosmo-0527-test-ev3,https://api.openai.com/v1,xhigh,32000,v6,True,6,OpenAIChat,abc397_d,hard,27,2,completed,completed,390,698,3.623806,0.206053,3.896432,179.138,False,,
2026-07-03T18:43:57.565174+00:00,2,9865e6f08db1be95,openai-model-fast-v6-hard1-80-xhigh-v2,openai,gpt-5.5-koffing-castor-kosmo-0527-test-ev3,https://api.openai.com/v1,xhigh,32000,v6,True,6,OpenAIChat,abc397_d,hard,27,3,completed,completed,390,697,3.246510,0.187586,3.508420,198.665,False,,
2026-07-03T18:44:05.327900+00:00,2,84c946c09e379fb1,anthropic-claude-fable-5-v6-hard1-80-xhigh-v2,anthropic,claude-fable-5,,xhigh,32000,v6,True,6,OpenAIChat,abc397_d,hard,27,3,completed,end_turn,536,896,11.348344,2.162014,13.692100,65.439,False,,
2026-07-03T18:44:23.130794+00:00,2,84c946c09e379fb1,anthropic-claude-fable-5-v6-hard1-80-xhigh-v2,anthropic,claude-fable-5,,xhigh,32000,v6,True,6,OpenAIChat,abc397_f,hard,28,1,error,,,,,,,,,RuntimeError,Anthropic endpoint returned no streamed output text
2026-07-03T18:51:38.183626+00:00,2,9865e6f08db1be95,openai-model-fast-v6-hard1-80-xhigh-v2,openai,gpt-5.5-koffing-castor-kosmo-0527-test-ev3,https://api.openai.com/v1,xhigh,32000,v6,True,6,OpenAIChat,abc397_f,hard,28,1,completed,completed,574,9313,44.382889,0.959903,45.523603,204.575,False,,
2026-07-03T18:52:27.872423+00:00,2,9865e6f08db1be95,openai-model-fast-v6-hard1-80-xhigh-v2,openai,gpt-5.5-koffing-castor-kosmo-0527-test-ev3,https://api.openai.com/v1,xhigh,32000,v6,True,6,OpenAIChat,abc397_f,hard,28,2,completed,completed,574,9966,47.484841,1.069556,48.749175,204.434,True,,
2026-07-03T18:53:19.891064+00:00,2,84c946c09e379fb1,anthropic-claude-fable-5-v6-hard1-80-xhigh-v2,anthropic,claude-fable-5,,xhigh,32000,v6,True,6,OpenAIChat,abc397_f,hard,28,2,error,,,,,,,,,RuntimeError,Anthropic endpoint returned no streamed output text
2026-07-03T19:00:13.307190+00:00,2,84c946c09e379fb1,anthropic-claude-fable-5-v6-hard1-80-xhigh-v2,anthropic,claude-fable-5,,xhigh,32000,v6,True,6,OpenAIChat,abc397_f,hard,28,3,completed,end_turn,761,17711,202.979314,14.070593,217.143080,81.564,True,,
2026-07-03T19:03:53.835485+00:00,2,9865e6f08db1be95,openai-model-fast-v6-hard1-80-xhigh-v2,openai,gpt-5.5-koffing-castor-kosmo-0527-test-ev3,https://api.openai.com/v1,xhigh,32000,v6,True,6,OpenAIChat,abc397_f,hard,28,3,completed,completed,574,10549,47.653769,1.001604,48.844766,215.970,True,,
2026-07-03T19:04:45.671954+00:00,2,9865e6f08db1be95,openai-model-fast-v6-hard1-80-xhigh-v2,openai,gpt-5.5-koffing-castor-kosmo-0527-test-ev3,https://api.openai.com/v1,xhigh,32000,v6,True,6,OpenAIChat,abc397_g,hard,29,1,completed,completed,549,4535,20.307559,1.553678,21.974665,206.374,True,,
2026-07-03T19:05:10.827352+00:00,2,84c946c09e379fb1,anthropic-claude-fable-5-v6-hard1-80-xhigh-v2,anthropic,claude-fable-5,,xhigh,32000,v6,True,6,OpenAIChat,abc397_g,hard,29,1,completed,end_turn,767,11488,115.366918,12.791573,128.186661,89.619,True,,
2026-07-03T19:07:22.797557+00:00,2,84c946c09e379fb1,anthropic-claude-fable-5-v6-hard1-80-xhigh-v2,anthropic,claude-fable-5,,xhigh,32000,v6,True,6,OpenAIChat,abc397_g,hard,29,2,completed,end_turn,767,8660,76.571593,15.208356,91.791509,94.344,True,,
2026-07-03T19:08:57.451812+00:00,2,9865e6f08db1be95,openai-model-fast-v6-hard1-80-xhigh-v2,openai,gpt-5.5-koffing-castor-kosmo-0527-test-ev3,https://api.openai.com/v1,xhigh,32000,v6,True,6,OpenAIChat,abc397_g,hard,29,2,completed,completed,549,5848,27.150178,1.538124,28.800163,203.054,True,,
2026-07-03T19:09:29.492081+00:00,2,9865e6f08db1be95,openai-model-fast-v6-hard1-80-xhigh-v2,openai,gpt-5.5-koffing-castor-kosmo-0527-test-ev3,https://api.openai.com/v1,xhigh,32000,v6,True,6,OpenAIChat,abc397_g,hard,29,3,completed,completed,549,5798,25.982931,1.650272,27.749619,208.940,True,,
2026-07-03T19:10:03.027732+00:00,2,84c946c09e379fb1,anthropic-claude-fable-5-v6-hard1-80-xhigh-v2,anthropic,claude-fable-5,,xhigh,32000,v6,True,6,OpenAIChat,abc397_g,hard,29,3,completed,end_turn,767,10559,26.724529,0.003171,26.729161,395.037,True,,
2026-07-03T19:16:19.685748+00:00,2,84c946c09e379fb1,anthropic-claude-fable-5-v6-hard1-80-xhigh-v2,anthropic,claude-fable-5,,xhigh,32000,v6,True,6,OpenAIChat,abc397_e,hard,30,1,error,,,,,,,,,RuntimeError,Anthropic endpoint failed: The read operation timed out
2026-07-04T06:12:59.773981+00:00,2,9865e6f08db1be95,openai-model-fast-v6-hard1-80-xhigh-v2,openai,gpt-5.5-koffing-castor-kosmo-0527-test-ev3,https://api.openai.com/v1,xhigh,32000,v6,True,6,OpenAIChat,abc397_e,hard,30,1,completed,completed,542,2989,15.776568,0.590843,16.604429,180.012,False,,
2026-07-04T06:13:20.252521+00:00,2,9865e6f08db1be95,openai-model-fast-v6-hard1-80-xhigh-v2,openai,gpt-5.5-koffing-castor-kosmo-0527-test-ev3,https://api.openai.com/v1,xhigh,32000,v6,True,6,OpenAIChat,abc397_e,hard,30,2,completed,completed,542,1898,9.349519,0.382161,9.788226,193.906,False,,
2026-07-04T06:13:32.952503+00:00,2,84c946c09e379fb1,anthropic-claude-fable-5-v6-hard1-80-xhigh-v2,anthropic,claude-fable-5,,xhigh,32000,v6,True,6,OpenAIChat,abc397_e,hard,30,2,completed,end_turn,741,6277,65.972828,8.924403,74.915355,83.788,True,,
